StartDate,EndDate,Duration (in seconds),Q1,Q2,Q3,Q4,Q5,Q6,Q7,Q8,Q9,Q10,Q11,Q12,Q13,Q14,Q15,Q16,Q17,Q18,Q19,Q20,Q21,Q22
Start Date,End Date,Duration (in seconds),What is your age?,What is your gender?,What is your highest level of education?,What is your total yearly household income (before taxes)?,Do you own a house?,How many cars do you own?,How often do you bargain over the price of something that you are trying to BUY?,How often do you bargain over the price of something that you are trying to SELL?,What are the ways in which you bargain? (select all that apply) - Selected Choice,What are the ways in which you bargain? (select all that apply) - Other (please explain) - Text,"If you bargain in person, where do you do so? (select all that apply) - Selected Choice","If you bargain in person, where do you do so? (select all that apply) - Other (please explain) - Text","If you bargain in writing, which platforms do you use? (select all that apply) - Selected Choice","If you bargain in writing, which platforms do you use? (select all that apply) - Other (please explain) - Text","If you bargain, how long does it usually take to reach an agreement?","If you bargain, how long does it usually take to give up or move on?","If you bargain, what is the most common price that you agree on as a buyer?","If you bargain, what is the most common price that you agree on as a seller?","If you bargain, what do you usually bargain over (select all that apply) - Selected Choice","If you bargain, what do you usually bargain over (select all that apply) - Other- type in options - Text","If you bargain, what do you pay attention to when bargaining? (select all that apply)","Based on the text below, what would you say your favorite ice cream flavor is?
This is a simple question, you don't need to be an expert to choose an answer! When asked for your favorite ice cream flavor, please select Cookies and Cream."
"{""ImportId"":""startDate"",""timeZone"":""America/Denver""}","{""ImportId"":""endDate"",""timeZone"":""America/Denver""}","{""ImportId"":""duration""}","{""ImportId"":""QID53_TEXT""}","{""ImportId"":""QID2""}","{""ImportId"":""QID3""}","{""ImportId"":""QID4""}","{""ImportId"":""QID54""}","{""ImportId"":""QID55""}","{""ImportId"":""QID6""}","{""ImportId"":""QID7""}","{""ImportId"":""QID5""}","{""ImportId"":""QID5_5_TEXT""}","{""ImportId"":""QID10""}","{""ImportId"":""QID10_6_TEXT""}","{""ImportId"":""QID56""}","{""ImportId"":""QID56_9_TEXT""}","{""ImportId"":""QID11""}","{""ImportId"":""QID9""}","{""ImportId"":""QID13""}","{""ImportId"":""QID12""}","{""ImportId"":""QID14""}","{""ImportId"":""QID14_10_TEXT""}","{""ImportId"":""QID15""}","{""ImportId"":""QID64""}"
6/18/22 11:27,6/18/22 11:29,177,31,Female,Graduate/professional degree,"$25,000 - $50,000",No,One,Never,Less than yearly,"Written messages (e.g., texting, emailing, online chat)",,,,Ebay,,1-5 minutes,1-5 minutes,,$500-$1000,"Durable goods (e.g., electronics, furniture),Payment for work,Transportation (e.g., cars, bicycles)",,The amount of the offer,Cookies and Cream
6/18/22 11:36,6/18/22 11:38,125,23,Male,College Degree,"$50,000 - $75,000",No,Two,Yearly,Yearly,"Written messages (e.g., texting, emailing, online chat)",,Street markets or bazaars,,Email,,1 hour-1 day,Longer than 1 day,$50-$100,$50-$100,"Durable goods (e.g., electronics, furniture),Transportation (e.g., cars, bicycles)",,"The specific words or phrases used by the other person,The other person’s user ratings or profile,The amount of the offer",Cookies and Cream
6/18/22 11:36,6/18/22 11:38,124,28,Female,Graduate/professional degree,"$50,000 - $75,000",No,One,Yearly,Less than yearly,In-person,,,,,,1-5 minutes,1-5 minutes,$10-$50,,Clothing,,"The other person’s demographics (gender, income, race),The other person’s emotional state,The time it takes the other person to respond to your offers,The other person’s facial expressions or body language,The specific words or phrases used by the other person,The amount of the offer",Cookies and Cream
6/18/22 11:36,6/18/22 11:39,159,46,Female,Graduate/professional degree,"$75,000 - $100,000",Yes,None,Less than yearly,Less than yearly,"Written messages (e.g., texting, emailing, online chat)",,,,"Text message (SMS),Email,Other (please explain)",Poshmark,Longer than 1 day,Longer than 1 day,,,"Clothing,Real estate",,The amount of the offer,Cookies and Cream
6/18/22 11:38,6/18/22 11:40,156,41,Male,College Degree,"$50,000 - $75,000",No,One,Never,Yearly,"Written messages (e.g., texting, emailing, online chat)",,Other (please explain),Public place for a Craigslist meetup,"Text message (SMS),Email,Ebay,Craigslist",,5-10 minutes,1 minute or less,,$50-$100,"Durable goods (e.g., electronics, furniture),Collectible items (e.g., cards, books, art)",,"The specific words or phrases used by the other person,The amount of the offer",Cookies and Cream
6/18/22 11:39,6/18/22 11:41,147,29,Male,College Degree,"$25,000 - $50,000",No,One,Daily,Weekly,"In-person,Talking Over the Phone,Written messages (e.g., texting, emailing, online chat)",,Other (please explain),phone apps - whatnot,Other (please explain),whatnot,1-5 minutes,5-10 minutes,Less than $10,$10-$50,"Collectible items (e.g., cards, books, art)",,"The other person’s emotional state,The other person’s facial expressions or body language,The specific words or phrases used by the other person,The other person’s user ratings or profile,The amount of the offer",Cookies and Cream
6/18/22 11:40,6/18/22 11:41,93,34,Female,College Degree,"$0 - $25,000",No,None,Never,Never,,,,,,,,,,,,,,Cookies and Cream
6/18/22 11:39,6/18/22 11:41,154,35,Female,College Degree,"$0 - $25,000",No,None,Monthly,Monthly,"In-person,Written messages (e.g., texting, emailing, online chat)",,"Stores,Street markets or bazaars",,"Text message (SMS),Email,Ebay",,1-5 minutes,5-10 minutes,$10-$50,$50-$100,"Durable goods (e.g., electronics, furniture),Clothing,Collectible items (e.g., cards, books, art)",,"The other person’s emotional state,The time it takes the other person to respond to your offers,The other person’s facial expressions or body language,The specific words or phrases used by the other person",Cookies and Cream
6/18/22 11:40,6/18/22 11:43,179,53,Female,Some College,"$25,000 - $50,000",Yes,More than two,Yearly,Yearly,"In-person,Talking Over the Phone",,Other (please explain),Car lot,,,5-10 minutes,1-5 minutes,$5000-$10000,$5000-$10000,"Transportation (e.g., cars, bicycles)",,The amount of the offer,Cookies and Cream
6/18/22 11:40,6/18/22 11:44,216,57,Female,College Degree,"$25,000 - $50,000",Yes,Two,Yearly,Yearly,"In-person,Talking Over the Phone,Written messages (e.g., texting, emailing, online chat)",,"At home,At others’ homes,Street markets or bazaars",,"Text message (SMS),Email,Facebook / Messenger,Craigslist",,1 hour-1 day,1 hour- 1 day,$10-$50,$10-$50,"Durable goods (e.g., electronics, furniture),Clothing,Collectible items (e.g., cards, books, art),Payment for work",,"The other person’s emotional state,The time it takes the other person to respond to your offers,The other person’s facial expressions or body language,The amount of the offer",Cookies and Cream
6/18/22 11:39,6/18/22 11:44,303,24,Male,High school degree / GED,"None, I am not employed",No,None,Daily,Monthly,In-person,,At home,,,,1-5 minutes,30 minutes - 1 hour,Less than $10,Less than $10,"Non-durable goods (e.g., food & other groceries)",,"The other person’s emotional state,The other person’s facial expressions or body language,The amount of the offer",Cookies and Cream
6/18/22 11:42,6/18/22 11:45,124,28,Female,Graduate/professional degree,"$75,000 - $100,000",No,One,Never,Yearly,"Written messages (e.g., texting, emailing, online chat)",,At home,,"Facebook / Messenger,Other (please explain)","poshmark,",1 hour-1 day,1 hour- 1 day,$10-$50,$10-$50,Clothing,,The amount of the offer,Cookies and Cream
6/18/22 11:43,6/18/22 11:46,199,38,Male,Some College,"$0 - $25,000",No,One,Monthly,Yearly,In-person,,"At home,Street markets or bazaars",,Ebay,,1 minute or less,1 minute or less,Less than $10,$10-$50,"Collectible items (e.g., cards, books, art),Payment for work",,"The time it takes the other person to respond to your offers,The other person’s facial expressions or body language,The specific words or phrases used by the other person,The amount of the offer",Cookies and Cream
6/18/22 11:43,6/18/22 11:47,246,59,Female,College Degree,"None, I am not employed",No,One,Less than yearly,Less than yearly,In-person,,At home,,"Text message (SMS),Craigslist",,5-10 minutes,5-10 minutes,$50-$100,$10-$50,"Durable goods (e.g., electronics, furniture)",,,Chocolate
6/18/22 11:44,6/18/22 11:47,180,60,Female,Some graduate/professional school,"$75,000 - $100,000",Yes,Two,Less than yearly,Yearly,"In-person,Talking Over the Phone,Voice Messages,Written messages (e.g., texting, emailing, online chat)",,"At home,At others’ homes,Street markets or bazaars",,"Text message (SMS),Email,Facebook / Messenger,Ebay,Craigslist",,5-10 minutes,5-10 minutes,$10-$50,$50-$100,"Durable goods (e.g., electronics, furniture),Clothing,Collectible items (e.g., cards, books, art)",,"The other person’s demographics (gender, income, race),The other person’s emotional state,The time it takes the other person to respond to your offers,The other person’s facial expressions or body language,The specific words or phrases used by the other person,The other person’s user ratings or profile,The amount of the offer",Cookies and Cream
6/18/22 11:46,6/18/22 11:49,128,43,Female,High school degree / GED,"$50,000 - $75,000",Yes,Two,Weekly,Less than yearly,Talking Over the Phone,,Stores,,Facebook / Messenger,,1-5 minutes,5-10 minutes,$50-$100,$100-$500,"Durable goods (e.g., electronics, furniture)",,The other person’s user ratings or profile,Cookies and Cream
6/18/22 11:47,6/18/22 11:49,118,24,Female,College Degree,"$25,000 - $50,000",No,One,Daily,Less than yearly,In-person,,Stores,,,,1 minute or less,1 minute or less,Less than $10,,Clothing,,The amount of the offer,Cookies and Cream
6/18/22 11:42,6/18/22 11:50,445,63,Female,College Degree,"$25,000 - $50,000",Yes,Two,Yearly,Less than yearly,In-person,,"At others’ homes,Stores",,,,1-5 minutes,5-10 minutes,$10-$50,$10-$50,"Durable goods (e.g., electronics, furniture),Collectible items (e.g., cards, books, art)",,"The other person’s emotional state,The time it takes the other person to respond to your offers,The other person’s facial expressions or body language,The specific words or phrases used by the other person,The amount of the offer",Cookies and Cream
6/18/22 11:47,6/18/22 11:51,233,22,Female,College Degree,"$25,000 - $50,000",No,None,Less than yearly,Weekly,"Written messages (e.g., texting, emailing, online chat)",,Other (please explain),online,Other (please explain),depop,1-5 minutes,1-5 minutes,,$10-$50,Clothing,,The amount of the offer,Cookies and Cream
6/18/22 11:47,6/18/22 11:51,247,59,Female,Graduate/professional degree,"$50,000 - $75,000",No,One,Yearly,Never,"In-person,Talking Over the Phone",,"Stores,Street markets or bazaars",,"Email,Amazon",,10-30 minutes,5-10 minutes,$50-$100,$50-$100,"Durable goods (e.g., electronics, furniture),Collectible items (e.g., cards, books, art)",,The specific words or phrases used by the other person,Cookies and Cream
6/18/22 11:50,6/18/22 11:53,156,23,Male,Some graduate/professional school,"$0 - $25,000",No,None,Never,Less than yearly,"In-person,Written messages (e.g., texting, emailing, online chat)",,"At home,At others’ homes",,"Text message (SMS),Facebook / Messenger",,1-5 minutes,1-5 minutes,$50-$100,$10-$50,"Durable goods (e.g., electronics, furniture),Collectible items (e.g., cards, books, art),Rent",,"The specific words or phrases used by the other person,The other person’s user ratings or profile,The amount of the offer",Cookies and Cream
6/18/22 11:52,6/18/22 11:53,78,21,Male,College Degree,"$75,000 - $100,000",No,One,Monthly,Yearly,In-person,,"At home,Stores",,"Facebook / Messenger,Ebay",,1-5 minutes,1-5 minutes,$50-$100,$50-$100,"Durable goods (e.g., electronics, furniture),Collectible items (e.g., cards, books, art)",,The other person’s user ratings or profile,Cookies and Cream
6/18/22 11:52,6/18/22 11:55,132,28,Female,College Degree,"$75,000 - $100,000",Yes,Two,Monthly,Weekly,"Written messages (e.g., texting, emailing, online chat)",,,,Facebook / Messenger,,5-10 minutes,5-10 minutes,$50-$100,$50-$100,"Durable goods (e.g., electronics, furniture)",,"The time it takes the other person to respond to your offers,The other person’s user ratings or profile,The amount of the offer",Cookies and Cream
6/18/22 11:55,6/18/22 11:56,107,29,Male,Graduate/professional degree,"$50,000 - $75,000",No,One,Yearly,Yearly,"Written messages (e.g., texting, emailing, online chat)",,,,"Ebay,Other (please explain)",Nextdoor,Longer than 1 day,Longer than 1 day,$10-$50,$10-$50,"Durable goods (e.g., electronics, furniture)",,"The specific words or phrases used by the other person,The amount of the offer",Cookies and Cream
6/18/22 11:55,6/18/22 11:57,98,31,Female,College Degree,"$50,000 - $75,000",Yes,Two,Yearly,Monthly,"Written messages (e.g., texting, emailing, online chat)",,,,Ebay,,30 minutes-1 hour,Longer than 1 day,Less than $10,Less than $10,"Durable goods (e.g., electronics, furniture),Clothing",,The amount of the offer,Cookies and Cream
6/18/22 11:54,6/18/22 11:57,197,60,Female,Some College,"$0 - $25,000",No,None,Less than yearly,Yearly,"In-person,Written messages (e.g., texting, emailing, online chat)",,"At home,At others’ homes",,"Text message (SMS),Facebook / Messenger,Craigslist",,10-30 minutes,1-5 minutes,,Less than $10,"Collectible items (e.g., cards, books, art)",,"The time it takes the other person to respond to your offers,The other person’s facial expressions or body language,The other person’s user ratings or profile,The amount of the offer",Cookies and Cream
6/18/22 11:55,6/18/22 11:58,134,28,Female,College Degree,"$75,000 - $100,000",No,One,Never,Never,,,,,,,,,,,,,,Cookies and Cream
6/18/22 11:55,6/18/22 11:58,209,73,Female,High school degree / GED,"$50,000 - $75,000",Yes,Two,Monthly,Monthly,Voice Messages,,Street markets or bazaars,,Facebook / Messenger,,1-5 minutes,1 minute or less,$10-$50,$50-$100,"Durable goods (e.g., electronics, furniture)",,"The other person’s emotional state,The other person’s user ratings or profile,The amount of the offer",Cookies and Cream
6/18/22 11:57,6/18/22 11:58,65,22,Male,College Degree,"$75,000 - $100,000",No,None,Never,Never,,,,,,,,,,,,,,Cookies and Cream
6/18/22 11:56,6/18/22 11:58,118,32,Female,College Degree,"$0 - $25,000",No,One,Monthly,Never,Talking Over the Phone,,"At home,Stores",,Email,,5-10 minutes,10-30 minutes,$10-$50,$10-$50,Clothing,,The amount of the offer,Cookies and Cream
6/18/22 11:55,6/18/22 11:58,222,60,Male,College Degree,"$50,000 - $75,000",Yes,One,Less than yearly,Never,In-person,,Stores,,,,1-5 minutes,1-5 minutes,Over $10000,,"Transportation (e.g., cars, bicycles)",,"The other person’s facial expressions or body language,The specific words or phrases used by the other person,The amount of the offer",Cookies and Cream
6/18/22 11:57,6/18/22 11:59,116,28,Male,Graduate/professional degree,"$50,000 - $75,000",Yes,One,Monthly,Monthly,"In-person,Written messages (e.g., texting, emailing, online chat)",,Stores,,"Text message (SMS),Facebook / Messenger",,5-10 minutes,5-10 minutes,$10-$50,$50-$100,"Durable goods (e.g., electronics, furniture),Clothing,Collectible items (e.g., cards, books, art),Experiences (e.g., vacation packages, tours)",,"The time it takes the other person to respond to your offers,The other person’s facial expressions or body language,The specific words or phrases used by the other person,The other person’s user ratings or profile,The amount of the offer",Cookies and Cream
6/18/22 11:58,6/18/22 11:59,109,20,Male,High school degree / GED,"$100,000 - $200,000",No,None,Monthly,Monthly,"Written messages (e.g., texting, emailing, online chat)",,At home,,"Facebook / Messenger,Instagram",,5-10 minutes,10-30 minutes,$10-$50,$10-$50,"Collectible items (e.g., cards, books, art)",,The specific words or phrases used by the other person,Cookies and Cream
6/18/22 11:58,6/18/22 12:00,78,24,Female,Some graduate/professional school,"$0 - $25,000",No,One,Yearly,Yearly,"Written messages (e.g., texting, emailing, online chat)",,,,Facebook / Messenger,,1-5 minutes,1-5 minutes,$10-$50,$10-$50,"Collectible items (e.g., cards, books, art)",,The specific words or phrases used by the other person,Cookies and Cream
6/18/22 11:58,6/18/22 12:00,136,25,Female,Some College,"$25,000 - $50,000",No,One,Weekly,Monthly,"In-person,Talking Over the Phone",,Street markets or bazaars,,"Text message (SMS),Facebook / Messenger",,1 hour-1 day,30 minutes - 1 hour,$10-$50,$10-$50,"Durable goods (e.g., electronics, furniture),Clothing",,"The other person’s facial expressions or body language,The other person’s user ratings or profile,The amount of the offer",Cookies and Cream
6/18/22 11:56,6/18/22 12:01,243,69,Female,College Degree,"$75,000 - $100,000",Yes,One,Yearly,Yearly,"In-person,Talking Over the Phone,Written messages (e.g., texting, emailing, online chat)",,"Stores,Street markets or bazaars",,Text message (SMS),,30 minutes-1 hour,30 minutes - 1 hour,$50-$100,$50-$100,"Durable goods (e.g., electronics, furniture),Clothing,Collectible items (e.g., cards, books, art),Experiences (e.g., vacation packages, tours)",,"The other person’s demographics (gender, income, race),The time it takes the other person to respond to your offers,The other person’s facial expressions or body language,The specific words or phrases used by the other person,The other person’s user ratings or profile,The amount of the offer",Cookies and Cream
6/18/22 11:58,6/18/22 12:01,155,33,Male,College Degree,"$200,000+",No,Two,Yearly,Yearly,"In-person,Written messages (e.g., texting, emailing, online chat)",,Other (please explain),"FB marketplace, craigslist, etc.","Text message (SMS),Email,Facebook / Messenger,Ebay,Craigslist",,1-5 minutes,5-10 minutes,$50-$100,$50-$100,"Durable goods (e.g., electronics, furniture),Rent,Transportation (e.g., cars, bicycles)",,"The other person’s demographics (gender, income, race),The other person’s emotional state,The time it takes the other person to respond to your offers,The other person’s facial expressions or body language,The specific words or phrases used by the other person,The other person’s user ratings or profile,The amount of the offer",Cookies and Cream
6/18/22 11:59,6/18/22 12:01,111,27,Male,College Degree,"$75,000 - $100,000",Yes,One,Yearly,Never,"In-person,Talking Over the Phone,Voice Messages,Written messages (e.g., texting, emailing, online chat)",,At others’ homes,,"Text message (SMS),Email,Facebook / Messenger,Ebay",,Longer than 1 day,1 hour- 1 day,$1000-$5000,,"Durable goods (e.g., electronics, furniture),Collectible items (e.g., cards, books, art),Payment for work",,"The time it takes the other person to respond to your offers,The specific words or phrases used by the other person,The other person’s user ratings or profile,The amount of the offer",Cookies and Cream
6/18/22 11:56,6/18/22 12:01,343,29,Male,College Degree,"$50,000 - $75,000",No,One,Daily,Monthly,"In-person,Written messages (e.g., texting, emailing, online chat)",,"At home,At others’ homes",,"Text message (SMS),Other (please explain)",Offer Up,1-5 minutes,1-5 minutes,$10-$50,$10-$50,"Real estate,Other- type in options",Goods for a rental property,"The time it takes the other person to respond to your offers,The amount of the offer",Cookies and Cream
6/18/22 12:00,6/18/22 12:02,103,44,Female,Some College,"$25,000 - $50,000",Yes,One,Weekly,Weekly,"In-person,Talking Over the Phone,Written messages (e.g., texting, emailing, online chat)",,"At work,Stores",,"Text message (SMS),Email,Facebook / Messenger",,5-10 minutes,5-10 minutes,$50-$100,$50-$100,"Non-durable goods (e.g., food & other groceries),Clothing",,"The other person’s facial expressions or body language,The specific words or phrases used by the other person",Cookies and Cream
6/18/22 12:00,6/18/22 12:02,137,21,Female,College Degree,"$25,000 - $50,000",No,One,Less than yearly,Less than yearly,In-person,,Street markets or bazaars,,,,1-5 minutes,5-10 minutes,$10-$50,$10-$50,"Durable goods (e.g., electronics, furniture)",,The amount of the offer,Cookies and Cream
6/18/22 12:01,6/18/22 12:03,119,29,Male,Some College,"$25,000 - $50,000",No,One,Weekly,Weekly,"In-person,Talking Over the Phone,Written messages (e.g., texting, emailing, online chat)",,"At home,At work",,"Text message (SMS),Email,Facebook / Messenger",,5-10 minutes,5-10 minutes,$10-$50,$50-$100,"Non-durable goods (e.g., food & other groceries),Durable goods (e.g., electronics, furniture),Clothing",,"The time it takes the other person to respond to your offers,The other person’s facial expressions or body language,The specific words or phrases used by the other person,The amount of the offer",Cookies and Cream
6/18/22 12:00,6/18/22 12:03,156,34,Male,Graduate/professional degree,"$50,000 - $75,000",No,One,Less than yearly,Less than yearly,"Written messages (e.g., texting, emailing, online chat)",,At home,,Email,,5-10 minutes,5-10 minutes,$100-$500,$100-$500,"Durable goods (e.g., electronics, furniture)",,"The other person’s emotional state,The specific words or phrases used by the other person,The other person’s user ratings or profile,The amount of the offer",Cookies and Cream
6/18/22 12:00,6/18/22 12:03,188,36,Female,High school degree / GED,"$75,000 - $100,000",Yes,More than two,Weekly,Monthly,"In-person,Written messages (e.g., texting, emailing, online chat)",,Stores,,"Text message (SMS),Email,Facebook / Messenger,Craigslist",,5-10 minutes,5-10 minutes,Less than $10,$10-$50,"Durable goods (e.g., electronics, furniture),Collectible items (e.g., cards, books, art)",,"The time it takes the other person to respond to your offers,The other person’s facial expressions or body language,The specific words or phrases used by the other person,The other person’s user ratings or profile,The amount of the offer",Cookies and Cream
6/18/22 12:00,6/18/22 12:03,198,23,Female,College Degree,"$100,000 - $200,000",No,None,Yearly,Yearly,"Written messages (e.g., texting, emailing, online chat)",,,,Other (please explain),depop,1 hour-1 day,Longer than 1 day,$10-$50,$10-$50,Clothing,,The amount of the offer,Cookies and Cream
6/18/22 12:00,6/18/22 12:04,261,43,Male,High school degree / GED,"$50,000 - $75,000",Yes,One,Monthly,Yearly,"In-person,Talking Over the Phone,Written messages (e.g., texting, emailing, online chat)",,"Stores,Street markets or bazaars",,"Text message (SMS),Facebook / Messenger",,5-10 minutes,1 hour- 1 day,$10-$50,$10-$50,"Non-durable goods (e.g., food & other groceries),Durable goods (e.g., electronics, furniture),Clothing",,"The other person’s user ratings or profile,The amount of the offer",Cookies and Cream
6/18/22 12:00,6/18/22 12:04,253,28,Female,Some College,"$0 - $25,000",No,One,Yearly,Less than yearly,"Written messages (e.g., texting, emailing, online chat)",,,,Facebook / Messenger,,5-10 minutes,5-10 minutes,$10-$50,Less than $10,"Durable goods (e.g., electronics, furniture),Clothing,Other- type in options", Baby items,"The time it takes the other person to respond to your offers,The other person’s user ratings or profile,The amount of the offer",Cookies and Cream
6/18/22 12:03,6/18/22 12:05,116,21,Male,Some College,"$0 - $25,000",No,One,Less than yearly,Less than yearly,"Talking Over the Phone,Voice Messages,Written messages (e.g., texting, emailing, online chat)",,,,"Email,Ebay,Craigslist",,Longer than 1 day,Longer than 1 day,$10-$50,$50-$100,"Collectible items (e.g., cards, books, art)",,"The time it takes the other person to respond to your offers,The other person’s user ratings or profile,The amount of the offer",Cookies and Cream
6/18/22 12:00,6/18/22 12:05,273,73,Male,College Degree,"$50,000 - $75,000",Yes,One,Monthly,Yearly,"Written messages (e.g., texting, emailing, online chat)",,Street markets or bazaars,,"Text message (SMS),Email,Ebay,Craigslist",,5-10 minutes,5-10 minutes,$10-$50,$10-$50,"Durable goods (e.g., electronics, furniture)",,"The time it takes the other person to respond to your offers,The other person’s user ratings or profile,The amount of the offer",Cookies and Cream
6/18/22 12:02,6/18/22 12:05,198,20,Female,Some College,"$0 - $25,000",No,One,Never,Yearly,"Talking Over the Phone,Written messages (e.g., texting, emailing, online chat)",,Street markets or bazaars,,Facebook / Messenger,,5-10 minutes,1 hour- 1 day,$10-$50,$10-$50,"Durable goods (e.g., electronics, furniture),Clothing",,"The time it takes the other person to respond to your offers,The other person’s facial expressions or body language,The amount of the offer",Cookies and Cream
6/18/22 12:04,6/18/22 12:05,91,34,Female,Graduate/professional degree,"$75,000 - $100,000",Yes,Two,Never,Never,,,,,,,,,,,,,,Cookies and Cream
6/18/22 12:03,6/18/22 12:07,211,26,Male,Some College,"$25,000 - $50,000",Yes,Two,Yearly,Less than yearly,In-person,,"At home,At others’ homes,Stores",,,,5-10 minutes,10-30 minutes,$500-$1000,$500-$1000,"Durable goods (e.g., electronics, furniture),Collectible items (e.g., cards, books, art),Transportation (e.g., cars, bicycles)",,The amount of the offer,Cookies and Cream
6/18/22 12:00,6/18/22 12:07,395,35,Female,Graduate/professional degree,"$0 - $25,000",Yes,One,Less than yearly,Less than yearly,"In-person,Written messages (e.g., texting, emailing, online chat)",,At home,,Text message (SMS),,1-5 minutes,1-5 minutes,,,"Non-durable goods (e.g., food & other groceries)",,The amount of the offer,Cookies and Cream
6/18/22 12:05,6/18/22 12:07,130,21,Female,College Degree,"None, I am not employed",No,None,Yearly,Less than yearly,"Written messages (e.g., texting, emailing, online chat)",,,,Email,,1-5 minutes,5-10 minutes,$10-$50,,"Durable goods (e.g., electronics, furniture)",,"The other person’s facial expressions or body language,The other person’s user ratings or profile,The amount of the offer",Cookies and Cream
6/18/22 12:05,6/18/22 12:07,118,27,Female,Some graduate/professional school,"None, I am not employed",No,One,Yearly,Less than yearly,In-person,,"Stores,Street markets or bazaars",,,,1-5 minutes,1-5 minutes,$10-$50,$10-$50,"Clothing,Collectible items (e.g., cards, books, art)",,"The other person’s emotional state,The time it takes the other person to respond to your offers,The other person’s facial expressions or body language,The specific words or phrases used by the other person,The amount of the offer",Cookies and Cream
6/18/22 12:04,6/18/22 12:07,162,27,Male,High school degree / GED,"$25,000 - $50,000",No,None,Never,Less than yearly,"Written messages (e.g., texting, emailing, online chat)",,,,"Facebook / Messenger,Ebay",,Longer than 1 day,Longer than 1 day,,$10-$50,"Durable goods (e.g., electronics, furniture),Collectible items (e.g., cards, books, art)",,The amount of the offer,Cookies and Cream
6/18/22 12:05,6/18/22 12:07,136,25,Female,High school degree / GED,"$0 - $25,000",No,None,Never,Less than yearly,In-person,,Street markets or bazaars,,,,1-5 minutes,1 minute or less,Less than $10,Less than $10,"Durable goods (e.g., electronics, furniture),Collectible items (e.g., cards, books, art)",,The amount of the offer,Cookies and Cream
6/18/22 12:05,6/18/22 12:08,196,48,Female,Some College,"$0 - $25,000",Yes,One,Monthly,Monthly,"In-person,Talking Over the Phone,Written messages (e.g., texting, emailing, online chat)",,Street markets or bazaars,,"Text message (SMS),Email,Facebook / Messenger",,5-10 minutes,10-30 minutes,Less than $10,$10-$50,"Durable goods (e.g., electronics, furniture),Clothing,Collectible items (e.g., cards, books, art)",,"The other person’s emotional state,The other person’s facial expressions or body language,The specific words or phrases used by the other person,The amount of the offer",Cookies and Cream
6/18/22 12:07,6/18/22 12:08,86,26,Female,High school degree / GED,"$50,000 - $75,000",Yes,Two,Monthly,Weekly,"Written messages (e.g., texting, emailing, online chat)",,At home,,"Facebook / Messenger,Other (please explain)",Mercari,5-10 minutes,1-5 minutes,$10-$50,$10-$50,"Durable goods (e.g., electronics, furniture),Clothing,Collectible items (e.g., cards, books, art)",,"The time it takes the other person to respond to your offers,The specific words or phrases used by the other person,The other person’s user ratings or profile,The amount of the offer",Cookies and Cream
6/18/22 12:07,6/18/22 12:08,92,31,Male,Graduate/professional degree,"$100,000 - $200,000",No,Two,Monthly,Monthly,In-person,,At home,,"Text message (SMS),Email,Whatsapp,Facebook / Messenger,Instagram",,10-30 minutes,1 hour- 1 day,$100-$500,$10-$50,"Collectible items (e.g., cards, books, art),Transportation (e.g., cars, bicycles)",,The other person’s facial expressions or body language,Cookies and Cream
6/18/22 12:06,6/18/22 12:08,120,32,Male,Graduate/professional degree,"$100,000 - $200,000",No,Two,Less than yearly,Less than yearly,"In-person,Written messages (e.g., texting, emailing, online chat)",,,,"Text message (SMS),Other (please explain)",OfferUp,10-30 minutes,5-10 minutes,,$10-$50,"Durable goods (e.g., electronics, furniture)",,"The time it takes the other person to respond to your offers,The other person’s user ratings or profile,The amount of the offer",Cookies and Cream
6/18/22 12:04,6/18/22 12:09,259,64,Female,Some College,"$50,000 - $75,000",No,One,Less than yearly,Never,"Written messages (e.g., texting, emailing, online chat)",,At home,,Text message (SMS),,1-5 minutes,5-10 minutes,$10-$50,$10-$50,Clothing,,"The time it takes the other person to respond to your offers,The other person’s facial expressions or body language,The amount of the offer",Butter Pecan
6/18/22 12:08,6/18/22 12:09,102,41,Female,College Degree,"$100,000 - $200,000",Yes,More than two,Yearly,Monthly,"In-person,Written messages (e.g., texting, emailing, online chat)",,At home,,"Text message (SMS),Facebook / Messenger,Craigslist",,5-10 minutes,5-10 minutes,$50-$100,$50-$100,"Durable goods (e.g., electronics, furniture),Collectible items (e.g., cards, books, art)",,The amount of the offer,Cookies and Cream
6/18/22 12:08,6/18/22 12:09,77,32,Female,College Degree,"$25,000 - $50,000",No,One,Never,Never,,,,,,,,,,,,,,Cookies and Cream
6/18/22 12:07,6/18/22 12:09,162,31,Non-Binary,High school degree / GED,"$0 - $25,000",No,None,Never,Never,,,,,,,,,,,,,"The time it takes the other person to respond to your offers,The specific words or phrases used by the other person,The amount of the offer",Cookies and Cream
6/18/22 12:08,6/18/22 12:10,119,34,Male,High school degree / GED,"$0 - $25,000",No,One,Never,Less than yearly,Other (please explain),Manual price changes online,At home,,Amazon,,1 minute or less,1 minute or less,$10-$50,$10-$50,"Collectible items (e.g., cards, books, art)",,,Cookies and Cream
6/18/22 12:08,6/18/22 12:10,97,19,Female,Some College,"$25,000 - $50,000",No,None,Weekly,Weekly,"Written messages (e.g., texting, emailing, online chat)",,,,"Text message (SMS),Facebook / Messenger,Instagram",,1-5 minutes,1-5 minutes,$10-$50,$10-$50,"Durable goods (e.g., electronics, furniture),Clothing,Collectible items (e.g., cards, books, art)",,"The specific words or phrases used by the other person,The other person’s user ratings or profile,The amount of the offer",Cookies and Cream
6/18/22 12:09,6/18/22 12:11,102,37,Female,College Degree,"$25,000 - $50,000",No,One,Less than yearly,Yearly,"Written messages (e.g., texting, emailing, online chat)",,At home,,Ebay,,10-30 minutes,10-30 minutes,$50-$100,$100-$500,"Durable goods (e.g., electronics, furniture)",,"The time it takes the other person to respond to your offers,The amount of the offer",Cookies and Cream
6/18/22 12:08,6/18/22 12:11,147,24,Female,College Degree,"$50,000 - $75,000",No,One,Yearly,Never,,,,,"Ebay,Other (please explain)",depop,,Longer than 1 day,$10-$50,,"Clothing,Collectible items (e.g., cards, books, art)",,The amount of the offer,Cookies and Cream
6/18/22 12:09,6/18/22 12:11,144,19,Male,High school degree / GED,"None, I am not employed",No,None,Monthly,Yearly,"In-person,Talking Over the Phone,Written messages (e.g., texting, emailing, online chat)",,"At home,At others’ homes",,Text message (SMS),,5-10 minutes,10-30 minutes,$10-$50,$50-$100,"Durable goods (e.g., electronics, furniture),Clothing,Collectible items (e.g., cards, books, art)",,"The time it takes the other person to respond to your offers,The specific words or phrases used by the other person,The other person’s user ratings or profile,The amount of the offer",Cookies and Cream
6/18/22 12:09,6/18/22 12:11,113,25,Female,Some College,"$75,000 - $100,000",No,None,Monthly,Monthly,"Written messages (e.g., texting, emailing, online chat)",,,,"Email,Facebook / Messenger",,1-5 minutes,5-10 minutes,$10-$50,$10-$50,Clothing,,"The other person’s user ratings or profile,The amount of the offer",Cookies and Cream
6/18/22 12:07,6/18/22 12:11,222,22,Female,High school degree / GED,"$25,000 - $50,000",No,None,Monthly,Monthly,"Written messages (e.g., texting, emailing, online chat)",,Street markets or bazaars,,"Text message (SMS),Facebook / Messenger",,5-10 minutes,1-5 minutes,$50-$100,$10-$50,"Durable goods (e.g., electronics, furniture),Clothing,Collectible items (e.g., cards, books, art)",,"The other person’s emotional state,The other person’s facial expressions or body language,The specific words or phrases used by the other person,The amount of the offer",Cookies and Cream
6/18/22 12:10,6/18/22 12:11,106,40,Male,Graduate/professional degree,"$75,000 - $100,000",No,One,Less than yearly,Less than yearly,"In-person,Talking Over the Phone,Written messages (e.g., texting, emailing, online chat)",,Street markets or bazaars,,Email,,1 minute or less,1 minute or less,$50-$100,$50-$100,"Durable goods (e.g., electronics, furniture)",,"The other person’s facial expressions or body language,The amount of the offer",Cookies and Cream
6/18/22 12:07,6/18/22 12:12,266,28,Non-Binary,Some College,"$50,000 - $75,000",No,One,Yearly,Yearly,"In-person,Talking Over the Phone",,"At others’ homes,Stores,Street markets or bazaars",,"Text message (SMS),Facebook / Messenger",,5-10 minutes,10-30 minutes,$50-$100,$50-$100,"Non-durable goods (e.g., food & other groceries),Clothing,Collectible items (e.g., cards, books, art)",,"The other person’s emotional state,The time it takes the other person to respond to your offers,The other person’s facial expressions or body language,The specific words or phrases used by the other person,The other person’s user ratings or profile,The amount of the offer",Cookies and Cream
6/18/22 12:10,6/18/22 12:12,74,32,Female,College Degree,"$75,000 - $100,000",No,One,Never,Monthly,"Written messages (e.g., texting, emailing, online chat)",,,,Other (please explain),Mercari,10-30 minutes,10-30 minutes,$10-$50,$10-$50,"Collectible items (e.g., cards, books, art)",,The amount of the offer,Cookies and Cream
6/18/22 12:09,6/18/22 12:12,163,24,Female,College Degree,"$0 - $25,000",No,None,Less than yearly,Yearly,"In-person,Written messages (e.g., texting, emailing, online chat)",,At home,,"Email,Craigslist",,5-10 minutes,10-30 minutes,$10-$50,$10-$50,"Durable goods (e.g., electronics, furniture)",,"The time it takes the other person to respond to your offers,The other person’s facial expressions or body language,The other person’s user ratings or profile,The amount of the offer",Cookies and Cream
6/18/22 12:10,6/18/22 12:12,119,24,Female,Some graduate/professional school,"$0 - $25,000",No,One,Less than yearly,Never,In-person,,"Stores,Street markets or bazaars",,,,1-5 minutes,1-5 minutes,$10-$50,,"Payment for work,Experiences (e.g., vacation packages, tours)",,"The specific words or phrases used by the other person,The amount of the offer",Cookies and Cream
6/18/22 12:09,6/18/22 12:12,161,36,Female,Some College,"$50,000 - $75,000",Yes,One,Monthly,Less than yearly,"In-person,Written messages (e.g., texting, emailing, online chat)",,"At home,At work,At others’ homes,Other (please explain)",Any public place where I am buying or selling an item directly from a person ,"Text message (SMS),Email,Whatsapp,Facebook / Messenger,Craigslist,Other (please explain)",OfferUp,1-5 minutes,1-5 minutes,$10-$50,$10-$50,"Durable goods (e.g., electronics, furniture),Collectible items (e.g., cards, books, art)",,"The other person’s demographics (gender, income, race),The time it takes the other person to respond to your offers,The specific words or phrases used by the other person,The amount of the offer",Cookies and Cream
6/18/22 12:09,6/18/22 12:12,205,26,Male,Graduate/professional degree,"$25,000 - $50,000",No,One,Monthly,Yearly,"In-person,Talking Over the Phone,Written messages (e.g., texting, emailing, online chat)",,"At home,Stores,Street markets or bazaars",,"Text message (SMS),Email,Whatsapp,Facebook / Messenger,Ebay,Craigslist",,10-30 minutes,30 minutes - 1 hour,$10-$50,$10-$50,"Durable goods (e.g., electronics, furniture),Clothing,Collectible items (e.g., cards, books, art),Payment for work",,"The other person’s emotional state,The other person’s facial expressions or body language,The specific words or phrases used by the other person,The amount of the offer",Cookies and Cream
6/18/22 12:10,6/18/22 12:12,158,43,Female,Graduate/professional degree,"$100,000 - $200,000",Yes,Two,Less than yearly,Yearly,"Written messages (e.g., texting, emailing, online chat)",,Street markets or bazaars,,"Text message (SMS),Facebook / Messenger,Ebay,Craigslist",,5-10 minutes,5-10 minutes,$10-$50,$10-$50,"Durable goods (e.g., electronics, furniture)",,The amount of the offer,Cookies and Cream
6/18/22 12:11,6/18/22 12:13,118,34,Female,High school degree / GED,"$25,000 - $50,000",No,One,Never,Never,,,,,,,,,,,,,,Cookies and Cream
6/18/22 12:10,6/18/22 12:13,194,39,Female,High school degree / GED,"$0 - $25,000",No,More than two,Weekly,Less than yearly,"In-person,Talking Over the Phone,Written messages (e.g., texting, emailing, online chat)",,"Stores,Street markets or bazaars",,"Text message (SMS),Facebook / Messenger",,1-5 minutes,1-5 minutes,$50-$100,$50-$100,"Clothing,Transportation (e.g., cars, bicycles)",,The amount of the offer,Cookies and Cream
6/18/22 12:13,6/18/22 12:14,75,23,Male,College Degree,"$100,000 - $200,000",No,None,Less than yearly,Never,In-person,,Street markets or bazaars,,Other (please explain),,1-5 minutes,1-5 minutes,$10-$50,$10-$50,"Durable goods (e.g., electronics, furniture),Clothing,Collectible items (e.g., cards, books, art),Transportation (e.g., cars, bicycles),Experiences (e.g., vacation packages, tours)",,"The other person’s demographics (gender, income, race),The other person’s facial expressions or body language,The specific words or phrases used by the other person,The amount of the offer",Cookies and Cream
6/18/22 12:12,6/18/22 12:14,127,36,Female,College Degree,"$25,000 - $50,000",No,None,Weekly,Monthly,"In-person,Talking Over the Phone,Written messages (e.g., texting, emailing, online chat)",,"At home,At others’ homes",,"Text message (SMS),Email,Facebook / Messenger,Ebay",,10-30 minutes,5-10 minutes,$10-$50,$10-$50,"Durable goods (e.g., electronics, furniture),Clothing,Collectible items (e.g., cards, books, art)",,"The other person’s emotional state,The time it takes the other person to respond to your offers,The other person’s facial expressions or body language,The specific words or phrases used by the other person,The amount of the offer",Cookies and Cream
6/18/22 12:11,6/18/22 12:14,210,58,Female,College Degree,"$50,000 - $75,000",Yes,Two,Yearly,Yearly,In-person,,Street markets or bazaars,,,,1-5 minutes,1 minute or less,,,"Durable goods (e.g., electronics, furniture),Transportation (e.g., cars, bicycles)",,The amount of the offer,Cookies and Cream
6/18/22 12:06,6/18/22 12:14,512,69,Female,Some College,"$0 - $25,000",No,One,Monthly,Monthly,"In-person,Talking Over the Phone,Voice Messages,Written messages (e.g., texting, emailing, online chat)",,"At home,Street markets or bazaars",,"Text message (SMS),Email",,5-10 minutes,5-10 minutes,$10-$50,$10-$50,"Clothing,Collectible items (e.g., cards, books, art)",,"The time it takes the other person to respond to your offers,The other person’s facial expressions or body language,The other person’s user ratings or profile",Cookies and Cream
6/18/22 12:10,6/18/22 12:14,272,25,Female,College Degree,"$100,000 - $200,000",Yes,Two,Yearly,Yearly,"Written messages (e.g., texting, emailing, online chat)",,,,"Instagram,Other (please explain)",Mercari app,1-5 minutes,5-10 minutes,$10-$50,$10-$50,"Collectible items (e.g., cards, books, art)",,The amount of the offer,Cookies and Cream
6/18/22 12:14,6/18/22 12:15,50,24,Female,Some College,"None, I am not employed",No,None,Never,Never,,,,,,,,,,,,,,Cookies and Cream
6/18/22 12:13,6/18/22 12:16,129,37,Male,College Degree,"$25,000 - $50,000",No,None,Yearly,Never,"Written messages (e.g., texting, emailing, online chat)",,Street markets or bazaars,,"Text message (SMS),Email,Ebay,Craigslist",,1 hour-1 day,5-10 minutes,,,"Durable goods (e.g., electronics, furniture),Transportation (e.g., cars, bicycles)",,"The other person’s emotional state,The amount of the offer",Cookies and Cream
6/18/22 12:13,6/18/22 12:16,182,38,Female,College Degree,"$50,000 - $75,000",No,One,Less than yearly,Less than yearly,"In-person,Written messages (e.g., texting, emailing, online chat)",,"At home,Street markets or bazaars",,"Email,Other (please explain)",poshmark,1-5 minutes,1-5 minutes,Less than $10,$10-$50,"Durable goods (e.g., electronics, furniture),Clothing",,The amount of the offer,Cookies and Cream
6/18/22 12:13,6/18/22 12:16,197,32,Male,Graduate/professional degree,"$75,000 - $100,000",Yes,Two,Yearly,Less than yearly,"Talking Over the Phone,Written messages (e.g., texting, emailing, online chat)",,"At work,Stores",,"Text message (SMS),Email,Facebook / Messenger",,1 hour-1 day,Longer than 1 day,$50-$100,$50-$100,"Durable goods (e.g., electronics, furniture),Real estate,Experiences (e.g., vacation packages, tours)",,"The time it takes the other person to respond to your offers,The specific words or phrases used by the other person,The amount of the offer",Cookies and Cream
6/18/22 12:11,6/18/22 12:17,353,67,Female,High school degree / GED,"$50,000 - $75,000",Yes,Two,Less than yearly,Less than yearly,"In-person,Talking Over the Phone,Written messages (e.g., texting, emailing, online chat)",,"At home,Street markets or bazaars",,"Text message (SMS),Email",,1-5 minutes,1-5 minutes,Less than $10,$50-$100,"Durable goods (e.g., electronics, furniture)",,"The time it takes the other person to respond to your offers,The specific words or phrases used by the other person,The amount of the offer",Cookies and Cream
6/18/22 12:15,6/18/22 12:17,151,63,Female,Graduate/professional degree,"$25,000 - $50,000",No,One,Less than yearly,Less than yearly,"Written messages (e.g., texting, emailing, online chat)",,,,"Text message (SMS),Facebook / Messenger",,Longer than 1 day,Longer than 1 day,$10-$50,$10-$50,Other- type in options,gift cards,The time it takes the other person to respond to your offers,Cookies and Cream
6/18/22 12:16,6/18/22 12:17,105,21,Female,High school degree / GED,"None, I am not employed",No,None,Weekly,Daily,"Written messages (e.g., texting, emailing, online chat)",,"At home,Stores",,"Text message (SMS),Facebook / Messenger",,1-5 minutes,1-5 minutes,$10-$50,$10-$50,"Durable goods (e.g., electronics, furniture),Clothing",,"The other person’s facial expressions or body language,The amount of the offer",Cookies and Cream
6/18/22 12:16,6/18/22 12:18,103,36,Male,College Degree,"$100,000 - $200,000",Yes,Two,Monthly,Yearly,In-person,,"At others’ homes,Street markets or bazaars",,"Text message (SMS),Email,Facebook / Messenger,Ebay,Craigslist",,1-5 minutes,1-5 minutes,$100-$500,$100-$500,"Durable goods (e.g., electronics, furniture),Collectible items (e.g., cards, books, art),Payment for work",,"The other person’s demographics (gender, income, race),The other person’s emotional state,The time it takes the other person to respond to your offers,The other person’s facial expressions or body language,The specific words or phrases used by the other person",Cookies and Cream
6/18/22 12:14,6/18/22 12:18,206,40,Female,Graduate/professional degree,"$25,000 - $50,000",Yes,One,Less than yearly,Less than yearly,"Written messages (e.g., texting, emailing, online chat)",,At home,,Other (please explain),Offer Up,10-30 minutes,1 hour- 1 day,$10-$50,$100-$500,"Durable goods (e.g., electronics, furniture)",,The amount of the offer,Cookies and Cream
6/18/22 12:16,6/18/22 12:18,91,21,Female,High school degree / GED,"$25,000 - $50,000",No,One,Never,Never,,,,,,,,,,,,,,Cookies and Cream
6/18/22 12:17,6/18/22 12:18,82,45,Male,College Degree,"$25,000 - $50,000",No,One,Monthly,Yearly,"Written messages (e.g., texting, emailing, online chat)",,Stores,,Amazon,,30 minutes-1 hour,10-30 minutes,$100-$500,$10-$50,"Durable goods (e.g., electronics, furniture)",,The amount of the offer,Cookies and Cream
6/18/22 12:16,6/18/22 12:18,159,34,Female,College Degree,"$75,000 - $100,000",No,None,Monthly,Weekly,"Written messages (e.g., texting, emailing, online chat)",,"Street markets or bazaars,Other (please explain)",antique or consignment stores,"Facebook / Messenger,Instagram,Craigslist,Other (please explain)",poshmark,5-10 minutes,10-30 minutes,$10-$50,$10-$50,"Durable goods (e.g., electronics, furniture),Clothing,Collectible items (e.g., cards, books, art),Payment for work",,"The time it takes the other person to respond to your offers,The specific words or phrases used by the other person,The other person’s user ratings or profile,The amount of the offer",Cookies and Cream
6/18/22 12:16,6/18/22 12:18,127,22,Female,Some College,"$100,000 - $200,000",No,None,Never,Less than yearly,"Written messages (e.g., texting, emailing, online chat)",,,,Email,,Longer than 1 day,Longer than 1 day,,$50-$100,"Rent,Other- type in options",tickets,"The time it takes the other person to respond to your offers,The specific words or phrases used by the other person,The amount of the offer",Cookies and Cream
6/18/22 12:17,6/18/22 12:18,82,25,Female,College Degree,"$0 - $25,000",No,One,Never,Never,,,,,,,,,,,,,,Cookies and Cream
6/18/22 12:16,6/18/22 12:19,144,51,Female,College Degree,"$50,000 - $75,000",Yes,Two,Monthly,Monthly,"In-person,Talking Over the Phone,Written messages (e.g., texting, emailing, online chat)",,Street markets or bazaars,,Email,,1 minute or less,1 minute or less,Less than $10,$10-$50,"Durable goods (e.g., electronics, furniture),Clothing,Collectible items (e.g., cards, books, art)",,"The other person’s emotional state,The time it takes the other person to respond to your offers,The other person’s facial expressions or body language,The amount of the offer",Cookies and Cream
6/18/22 12:17,6/18/22 12:19,134,42,Female,Graduate/professional degree,"$100,000 - $200,000",Yes,More than two,Less than yearly,Less than yearly,"Written messages (e.g., texting, emailing, online chat)",,Other (please explain),Text messages,"Text message (SMS),Facebook / Messenger",,1-5 minutes,1-5 minutes,$10-$50,$10-$50,"Durable goods (e.g., electronics, furniture)",,"The specific words or phrases used by the other person,The amount of the offer",Cookies and Cream
6/18/22 12:18,6/18/22 12:19,111,28,Female,Graduate/professional degree,"$50,000 - $75,000",No,One,Less than yearly,Never,"In-person,Written messages (e.g., texting, emailing, online chat)",,"Stores,Street markets or bazaars",,"Email,Facebook / Messenger,Instagram",,5-10 minutes,1-5 minutes,$10-$50,$10-$50,"Durable goods (e.g., electronics, furniture),Clothing",,"The other person’s emotional state,The time it takes the other person to respond to your offers,The other person’s facial expressions or body language,The amount of the offer",Cookies and Cream
6/18/22 12:18,6/18/22 12:20,91,30,Male,College Degree,"$50,000 - $75,000",Yes,One,Monthly,Monthly,"In-person,Talking Over the Phone,Voice Messages,Written messages (e.g., texting, emailing, online chat)",,"At home,At work,Stores,Street markets or bazaars",,"Text message (SMS),Email,Whatsapp,Facebook / Messenger,Ebay,Craigslist",,5-10 minutes,10-30 minutes,$50-$100,$100-$500,"Durable goods (e.g., electronics, furniture),Clothing,Collectible items (e.g., cards, books, art)",,"The other person’s demographics (gender, income, race),The other person’s emotional state,The time it takes the other person to respond to your offers,The other person’s facial expressions or body language,The specific words or phrases used by the other person,The other person’s user ratings or profile,The amount of the offer",Cookies and Cream
6/18/22 12:17,6/18/22 12:20,197,39,Male,Some College,"$25,000 - $50,000",Yes,One,Less than yearly,Less than yearly,Talking Over the Phone,,"Stores,Street markets or bazaars",,,,1-5 minutes,1-5 minutes,$10-$50,$50-$100,"Durable goods (e.g., electronics, furniture)",,The amount of the offer,Cookies and Cream
6/18/22 12:18,6/18/22 12:20,150,50,Female,High school degree / GED,"$25,000 - $50,000",No,One,Less than yearly,Less than yearly,"Written messages (e.g., texting, emailing, online chat)",,At home,,Craigslist,,1-5 minutes,5-10 minutes,Less than $10,Less than $10,"Durable goods (e.g., electronics, furniture)",,"The time it takes the other person to respond to your offers,The specific words or phrases used by the other person,The amount of the offer",Cookies and Cream
6/18/22 12:18,6/18/22 12:21,190,21,Female,Some College,"$25,000 - $50,000",No,None,Never,Never,,,,,,,,,,,,,,Cookies and Cream
6/18/22 12:20,6/18/22 12:21,105,24,Male,High school degree / GED,"None, I am not employed",No,None,Yearly,Yearly,"In-person,Written messages (e.g., texting, emailing, online chat)",,Street markets or bazaars,,"Text message (SMS),Email,Craigslist",,1-5 minutes,1-5 minutes,$10-$50,$10-$50,"Durable goods (e.g., electronics, furniture),Collectible items (e.g., cards, books, art)",,"The other person’s emotional state,The other person’s facial expressions or body language,The specific words or phrases used by the other person,The amount of the offer",Cookies and Cream
6/18/22 12:19,6/18/22 12:22,166,25,Male,Some College,"$25,000 - $50,000",No,One,Weekly,Yearly,In-person,,Street markets or bazaars,,"Ebay,Craigslist",,5-10 minutes,5-10 minutes,$50-$100,$50-$100,"Durable goods (e.g., electronics, furniture),Clothing",,"The specific words or phrases used by the other person,The other person’s user ratings or profile,The amount of the offer",Cookies and Cream
6/18/22 12:18,6/18/22 12:22,225,65,Female,Some College,"$0 - $25,000",No,One,Less than yearly,Less than yearly,"In-person,Written messages (e.g., texting, emailing, online chat)",,Street markets or bazaars,,Ebay,,Longer than 1 day,Longer than 1 day,$10-$50,$10-$50,"Durable goods (e.g., electronics, furniture),Collectible items (e.g., cards, books, art)",,"The other person’s user ratings or profile,The amount of the offer",Cookies and Cream
6/18/22 12:21,6/18/22 12:22,81,36,Female,Graduate/professional degree,"$50,000 - $75,000",No,One,Less than yearly,Yearly,"Written messages (e.g., texting, emailing, online chat)",,Street markets or bazaars,,"Email,Facebook / Messenger,Ebay,Amazon",,5-10 minutes,5-10 minutes,$50-$100,$100-$500,"Collectible items (e.g., cards, books, art)",,The amount of the offer,Cookies and Cream
6/18/22 12:18,6/18/22 12:23,259,63,Male,Some College,"$25,000 - $50,000",No,One,Less than yearly,Less than yearly,"In-person,Written messages (e.g., texting, emailing, online chat)",,Stores,,"Email,Craigslist",,Longer than 1 day,Longer than 1 day,,,"Durable goods (e.g., electronics, furniture),Real estate,Transportation (e.g., cars, bicycles)",,The specific words or phrases used by the other person,Cookies and Cream
6/18/22 12:21,6/18/22 12:23,97,29,Female,Some College,"$0 - $25,000",No,One,Less than yearly,Less than yearly,"Written messages (e.g., texting, emailing, online chat)",,At home,,"Text message (SMS),Email,Facebook / Messenger,Ebay",,10-30 minutes,10-30 minutes,$10-$50,$10-$50,"Durable goods (e.g., electronics, furniture),Clothing,Collectible items (e.g., cards, books, art),Payment for work",,"The other person’s emotional state,The time it takes the other person to respond to your offers,The other person’s facial expressions or body language,The specific words or phrases used by the other person,The other person’s user ratings or profile,The amount of the offer",Cookies and Cream
6/18/22 12:18,6/18/22 12:23,285,31,Male,College Degree,"$25,000 - $50,000",No,One,Monthly,Yearly,"In-person,Written messages (e.g., texting, emailing, online chat)",,"At home,Stores",,"Facebook / Messenger,Craigslist,Other (please explain)",Offer Up,5-10 minutes,10-30 minutes,$10-$50,$10-$50,Other- type in options,"Household products like laundry detergent, soap, toothpaste,  toilette tissue, etc","The time it takes the other person to respond to your offers,The specific words or phrases used by the other person,The other person’s user ratings or profile,The amount of the offer",Cookies and Cream
6/18/22 12:21,6/18/22 12:23,105,27,Female,High school degree / GED,"$25,000 - $50,000",No,One,Less than yearly,Never,"Written messages (e.g., texting, emailing, online chat)",,Street markets or bazaars,,Text message (SMS),,5-10 minutes,5-10 minutes,$100-$500,,"Non-durable goods (e.g., food & other groceries)",,"The time it takes the other person to respond to your offers,The amount of the offer",Cookies and Cream
6/18/22 12:19,6/18/22 12:24,287,47,Male,Some College,"$0 - $25,000",No,None,Monthly,Monthly,"In-person,Written messages (e.g., texting, emailing, online chat)",,Street markets or bazaars,,"Email,Facebook / Messenger,Craigslist",,1-5 minutes,1-5 minutes,$10-$50,$50-$100,"Durable goods (e.g., electronics, furniture),Clothing,Collectible items (e.g., cards, books, art)",,,Cookies and Cream
6/18/22 12:21,6/18/22 12:24,215,65,Male,College Degree,"$100,000 - $200,000",Yes,Two,Monthly,Monthly,"Voice Messages,Written messages (e.g., texting, emailing, online chat)",,,,"Text message (SMS),Email,Ebay,Craigslist",,1 hour-1 day,5-10 minutes,Less than $10,$10-$50,"Durable goods (e.g., electronics, furniture),Clothing,Other- type in options",Sporting items,"The time it takes the other person to respond to your offers,The other person’s user ratings or profile,The amount of the offer",Cookies and Cream
6/18/22 12:17,6/18/22 12:24,442,42,Female,High school degree / GED,"$100,000 - $200,000",Yes,More than two,Less than yearly,Less than yearly,In-person,,"Stores,Street markets or bazaars",,"Facebook / Messenger,Ebay",,1-5 minutes,1-5 minutes,$10-$50,$10-$50,"Durable goods (e.g., electronics, furniture),Collectible items (e.g., cards, books, art)",,"The other person’s user ratings or profile,The amount of the offer",Cookies and Cream
6/18/22 12:23,6/18/22 12:25,125,37,Female,Graduate/professional degree,"$200,000+",Yes,Two,Yearly,Monthly,In-person,,Stores,,Craigslist,,1-5 minutes,5-10 minutes,$50-$100,$100-$500,"Durable goods (e.g., electronics, furniture)",,The amount of the offer,
6/18/22 12:20,6/18/22 12:25,292,39,Female,Graduate/professional degree,"$100,000 - $200,000",Yes,Two,Yearly,Yearly,"In-person,Written messages (e.g., texting, emailing, online chat)",,"At home,Stores",,Text message (SMS),,1 hour-1 day,1 hour- 1 day,$10-$50,$10-$50,"Durable goods (e.g., electronics, furniture)",,"The other person’s demographics (gender, income, race),The time it takes the other person to respond to your offers,The amount of the offer",Cookies and Cream
6/18/22 12:23,6/18/22 12:25,149,24,Female,Graduate/professional degree,"$50,000 - $75,000",No,One,Monthly,Less than yearly,"In-person,Written messages (e.g., texting, emailing, online chat)",,"At home,Street markets or bazaars",,Email,,5-10 minutes,10-30 minutes,$10-$50,$10-$50,"Durable goods (e.g., electronics, furniture),Real estate,Transportation (e.g., cars, bicycles),Experiences (e.g., vacation packages, tours)",,"The specific words or phrases used by the other person,The other person’s user ratings or profile,The amount of the offer",Cookies and Cream
6/18/22 12:24,6/18/22 12:26,104,25,Female,Some graduate/professional school,"$100,000 - $200,000",No,One,Weekly,Weekly,"Talking Over the Phone,Written messages (e.g., texting, emailing, online chat)",,At home,,"Email,Facebook / Messenger",,Longer than 1 day,1 hour- 1 day,$50-$100,$500-$1000,"Durable goods (e.g., electronics, furniture),Clothing,Rent",,"The other person’s emotional state,The time it takes the other person to respond to your offers,The other person’s user ratings or profile,The amount of the offer",Cookies and Cream
6/18/22 12:23,6/18/22 12:26,165,51,Male,College Degree,"$25,000 - $50,000",No,One,Less than yearly,Less than yearly,In-person,,At work,,,,1 minute or less,1 minute or less,$1000-$5000,$1000-$5000,"Transportation (e.g., cars, bicycles)",,The specific words or phrases used by the other person,Cookies and Cream
6/18/22 12:24,6/18/22 12:26,104,57,Female,College Degree,"$0 - $25,000",Yes,One,Never,Never,,,,,,,,,,,,,,Cookies and Cream
6/18/22 12:20,6/18/22 12:26,396,35,Female,College Degree,"$0 - $25,000",No,One,Monthly,Less than yearly,"In-person,Written messages (e.g., texting, emailing, online chat)",,Stores,,"Text message (SMS),Facebook / Messenger,Craigslist",,10-30 minutes,5-10 minutes,$10-$50,$50-$100,"Durable goods (e.g., electronics, furniture),Transportation (e.g., cars, bicycles)",,"The time it takes the other person to respond to your offers,The other person’s facial expressions or body language,The specific words or phrases used by the other person,The amount of the offer",Cookies and Cream
6/18/22 12:15,6/18/22 12:26,683,19,Female,Some College,"$0 - $25,000",No,None,Monthly,Less than yearly,"In-person,Written messages (e.g., texting, emailing, online chat)",,Street markets or bazaars,,"Facebook / Messenger,Ebay",,1-5 minutes,5-10 minutes,$10-$50,$10-$50,"Durable goods (e.g., electronics, furniture),Collectible items (e.g., cards, books, art),Rent",,"The other person’s demographics (gender, income, race),The other person’s emotional state,The time it takes the other person to respond to your offers,The other person’s facial expressions or body language,The specific words or phrases used by the other person,The other person’s user ratings or profile,The amount of the offer",Cookies and Cream
6/18/22 12:25,6/18/22 12:27,138,49,Female,Some College,"$0 - $25,000",No,None,Never,Never,,,,,,,,,,,,,,Cookies and Cream
6/18/22 12:25,6/18/22 12:27,110,22,Female,Some College,"$0 - $25,000",No,One,Never,Yearly,"Written messages (e.g., texting, emailing, online chat)",,,,Facebook / Messenger,,1-5 minutes,5-10 minutes,$10-$50,$10-$50,"Durable goods (e.g., electronics, furniture)",,The amount of the offer,Cookies and Cream
6/18/22 12:25,6/18/22 12:27,143,45,Male,College Degree,"$50,000 - $75,000",No,One,Less than yearly,Less than yearly,"Written messages (e.g., texting, emailing, online chat)",,,,"Text message (SMS),Email,Craigslist",,5-10 minutes,1 minute or less,$10-$50,$100-$500,"Durable goods (e.g., electronics, furniture)",,"The time it takes the other person to respond to your offers,The specific words or phrases used by the other person",Cookies and Cream
6/18/22 12:25,6/18/22 12:27,154,39,Male,Graduate/professional degree,"$75,000 - $100,000",No,One,Monthly,Monthly,"In-person,Talking Over the Phone,Written messages (e.g., texting, emailing, online chat)",,"At home,At others’ homes,Street markets or bazaars",,"Text message (SMS),Facebook / Messenger,Craigslist",,1-5 minutes,1-5 minutes,$10-$50,$10-$50,"Durable goods (e.g., electronics, furniture)",,The amount of the offer,Cookies and Cream
6/18/22 12:26,6/18/22 12:28,107,20,Male,Some College,"$0 - $25,000",No,None,Less than yearly,Yearly,"In-person,Talking Over the Phone,Written messages (e.g., texting, emailing, online chat)",,"At home,Street markets or bazaars",,"Text message (SMS),Email,Whatsapp,Craigslist",,10-30 minutes,5-10 minutes,$10-$50,$50-$100,"Durable goods (e.g., electronics, furniture),Clothing",,"The specific words or phrases used by the other person,The other person’s user ratings or profile,The amount of the offer",Cookies and Cream
6/18/22 12:26,6/18/22 12:28,104,26,Male,Graduate/professional degree,"$75,000 - $100,000",No,None,Yearly,Yearly,"In-person,Talking Over the Phone,Written messages (e.g., texting, emailing, online chat)",,"Stores,Street markets or bazaars",,"Text message (SMS),Email",,1 hour-1 day,Longer than 1 day,$10-$50,$50-$100,"Durable goods (e.g., electronics, furniture),Collectible items (e.g., cards, books, art),Rent,Experiences (e.g., vacation packages, tours)",,"The other person’s facial expressions or body language,The specific words or phrases used by the other person,The amount of the offer",Cookies and Cream
6/18/22 12:25,6/18/22 12:28,155,23,Male,Some College,"None, I am not employed",No,One,Less than yearly,Yearly,"In-person,Talking Over the Phone,Written messages (e.g., texting, emailing, online chat)",,"At home,Street markets or bazaars",,"Text message (SMS),Facebook / Messenger",,5-10 minutes,5-10 minutes,$50-$100,$50-$100,"Durable goods (e.g., electronics, furniture),Clothing",,"The other person’s user ratings or profile,The amount of the offer",Cookies and Cream
6/18/22 12:26,6/18/22 12:28,143,27,Female,College Degree,"None, I am not employed",No,None,Less than yearly,Less than yearly,Other (please explain),Written as an option for buying something online like Mercari or Poshmark ,,,Other (please explain),Poshmark or Mercari,1 hour-1 day,1 hour- 1 day,$10-$50,$10-$50,Clothing,,"The other person’s user ratings or profile,The amount of the offer",Cookies and Cream
6/18/22 12:26,6/18/22 12:29,139,32,Male,High school degree / GED,"$25,000 - $50,000",Yes,One,Weekly,Monthly,"Talking Over the Phone,Written messages (e.g., texting, emailing, online chat)",,"At home,Stores,Street markets or bazaars",,"Text message (SMS),Facebook / Messenger",,1-5 minutes,5-10 minutes,$10-$50,$10-$50,"Durable goods (e.g., electronics, furniture),Clothing",,"The time it takes the other person to respond to your offers,The amount of the offer",Cookies and Cream
6/18/22 12:26,6/18/22 12:29,153,27,Female,College Degree,"$25,000 - $50,000",Yes,Two,Monthly,Yearly,"In-person,Written messages (e.g., texting, emailing, online chat)",,"At home,At others’ homes,Street markets or bazaars",,"Text message (SMS),Facebook / Messenger",,1-5 minutes,1 minute or less,$10-$50,$10-$50,"Durable goods (e.g., electronics, furniture),Clothing",,"The time it takes the other person to respond to your offers,The other person’s facial expressions or body language,The amount of the offer",Cookies and Cream
6/18/22 12:27,6/18/22 12:29,146,32,Female,College Degree,"$50,000 - $75,000",Yes,Two,Monthly,Monthly,"In-person,Written messages (e.g., texting, emailing, online chat)",,Street markets or bazaars,,Facebook / Messenger,,1-5 minutes,1-5 minutes,$10-$50,$10-$50,"Durable goods (e.g., electronics, furniture)",,The other person’s user ratings or profile,Cookies and Cream
6/18/22 12:25,6/18/22 12:29,261,33,Male,High school degree / GED,"$0 - $25,000",No,None,Less than yearly,Less than yearly,"Written messages (e.g., texting, emailing, online chat)",,,,"Text message (SMS),Email,Ebay",,1 hour-1 day,1 hour- 1 day,$10-$50,$10-$50,"Collectible items (e.g., cards, books, art)",,"The time it takes the other person to respond to your offers,The other person’s user ratings or profile,The amount of the offer",Cookies and Cream
6/18/22 12:28,6/18/22 12:29,73,24,Female,College Degree,"$100,000 - $200,000",No,One,Less than yearly,Less than yearly,Talking Over the Phone,,At home,,"Text message (SMS),Instagram",,1 hour-1 day,1 hour- 1 day,$50-$100,$50-$100,"Durable goods (e.g., electronics, furniture),Clothing,Collectible items (e.g., cards, books, art)",,"The time it takes the other person to respond to your offers,The other person’s user ratings or profile,The amount of the offer",Cookies and Cream
6/18/22 12:27,6/18/22 12:29,148,36,Female,College Degree,"$25,000 - $50,000",Yes,One,Less than yearly,Less than yearly,"In-person,Voice Messages,Written messages (e.g., texting, emailing, online chat)",,At home,,"Text message (SMS),Facebook / Messenger",,,1 hour- 1 day,,,"Durable goods (e.g., electronics, furniture)",,"The time it takes the other person to respond to your offers,The other person’s facial expressions or body language,The amount of the offer",Cookies and Cream
6/18/22 12:27,6/18/22 12:30,146,59,Male,Graduate/professional degree,"None, I am not employed",Yes,One,Monthly,Weekly,"Written messages (e.g., texting, emailing, online chat)",,,,"Facebook / Messenger,Ebay,Craigslist",,5-10 minutes,10-30 minutes,$50-$100,$50-$100,"Durable goods (e.g., electronics, furniture),Transportation (e.g., cars, bicycles)",,The amount of the offer,Cookies and Cream
6/18/22 12:28,6/18/22 12:30,124,37,Male,College Degree,"$100,000 - $200,000",Yes,Two,Monthly,Yearly,"In-person,Written messages (e.g., texting, emailing, online chat)",,"Stores,Street markets or bazaars",,"Text message (SMS),Email",,1-5 minutes,1-5 minutes,$50-$100,$50-$100,"Collectible items (e.g., cards, books, art),Experiences (e.g., vacation packages, tours)",,"The time it takes the other person to respond to your offers,The other person’s user ratings or profile,The amount of the offer",Cookies and Cream
6/18/22 12:27,6/18/22 12:30,157,66,Female,College Degree,"$25,000 - $50,000",No,One,Less than yearly,Less than yearly,"Written messages (e.g., texting, emailing, online chat)",,At home,,Email,,1 hour-1 day,1 hour- 1 day,$50-$100,$10-$50,Rent,,The specific words or phrases used by the other person,Cookies and Cream
6/18/22 12:27,6/18/22 12:30,154,58,Female,College Degree,"$100,000 - $200,000",Yes,One,Weekly,Monthly,"In-person,Written messages (e.g., texting, emailing, online chat)",,"At others’ homes,Stores,Street markets or bazaars",,"Text message (SMS),Email,Facebook / Messenger,Ebay,Craigslist",,1 minute or less,1-5 minutes,$500-$1000,$10-$50,"Durable goods (e.g., electronics, furniture),Clothing,Collectible items (e.g., cards, books, art)",,"The other person’s emotional state,The time it takes the other person to respond to your offers,The other person’s facial expressions or body language,The specific words or phrases used by the other person,The amount of the offer",Cookies and Cream
6/18/22 12:28,6/18/22 12:30,109,41,Male,College Degree,"$75,000 - $100,000",Yes,Two,Monthly,Less than yearly,"Written messages (e.g., texting, emailing, online chat)",,At home,,"Text message (SMS),Email,Ebay,Craigslist",,10-30 minutes,1 hour- 1 day,$10-$50,$10-$50,"Durable goods (e.g., electronics, furniture),Collectible items (e.g., cards, books, art)",,The amount of the offer,Cookies and Cream
6/18/22 12:28,6/18/22 12:30,122,24,Male,College Degree,"$25,000 - $50,000",No,One,Weekly,Weekly,"Written messages (e.g., texting, emailing, online chat)",,"At work,At others’ homes,Stores",,"Email,Craigslist",,1 hour-1 day,Longer than 1 day,$50-$100,$50-$100,"Durable goods (e.g., electronics, furniture),Collectible items (e.g., cards, books, art),Payment for work,Real estate,Experiences (e.g., vacation packages, tours)",,"The other person’s emotional state,The time it takes the other person to respond to your offers,The other person’s facial expressions or body language,The specific words or phrases used by the other person",Cookies and Cream
6/18/22 12:28,6/18/22 12:30,135,34,Male,College Degree,"$0 - $25,000",No,None,Monthly,Less than yearly,"In-person,Written messages (e.g., texting, emailing, online chat)",,Street markets or bazaars,,Ebay,,1-5 minutes,1 minute or less,$10-$50,,"Collectible items (e.g., cards, books, art)",,The amount of the offer,Cookies and Cream
6/18/22 12:28,6/18/22 12:30,163,48,Male,College Degree,"$75,000 - $100,000",Yes,One,Monthly,Monthly,"In-person,Written messages (e.g., texting, emailing, online chat)",,Street markets or bazaars,,Text message (SMS),,5-10 minutes,10-30 minutes,$100-$500,$100-$500,"Durable goods (e.g., electronics, furniture)",,"The other person’s emotional state,The other person’s facial expressions or body language,The amount of the offer",Cookies and Cream
6/18/22 12:28,6/18/22 12:31,126,26,Male,College Degree,"$200,000+",Yes,One,Less than yearly,Less than yearly,"Written messages (e.g., texting, emailing, online chat)",,,,"Facebook / Messenger,Ebay",,10-30 minutes,30 minutes - 1 hour,$10-$50,$10-$50,"Durable goods (e.g., electronics, furniture)",,"The time it takes the other person to respond to your offers,The amount of the offer",Cookies and Cream
6/18/22 12:27,6/18/22 12:31,196,20,Female,High school degree / GED,"$200,000+",No,One,Daily,Less than yearly,"Talking Over the Phone,Written messages (e.g., texting, emailing, online chat),Other (please explain)",Couponing.,,,"Text message (SMS),Email,Amazon,Instagram",,5-10 minutes,10-30 minutes,$10-$50,,"Non-durable goods (e.g., food & other groceries),Clothing,Payment for work,Transportation (e.g., cars, bicycles),Experiences (e.g., vacation packages, tours)",,"The other person’s demographics (gender, income, race),The time it takes the other person to respond to your offers,The specific words or phrases used by the other person,The other person’s user ratings or profile,The amount of the offer",Cookies and Cream
6/18/22 12:28,6/18/22 12:31,136,52,Male,Graduate/professional degree,"$200,000+",Yes,Two,Monthly,Yearly,"In-person,Written messages (e.g., texting, emailing, online chat)",,"At home,At others’ homes",,"Text message (SMS),Email,Craigslist",,10-30 minutes,5-10 minutes,$5000-$10000,$5000-$10000,"Transportation (e.g., cars, bicycles)",,The specific words or phrases used by the other person,Cookies and Cream
6/18/22 12:28,6/18/22 12:31,171,71,Male,High school degree / GED,"$50,000 - $75,000",Yes,Two,Less than yearly,Less than yearly,In-person,,At home,,Text message (SMS),,1-5 minutes,5-10 minutes,$100-$500,$100-$500,"Collectible items (e.g., cards, books, art),Rent,Transportation (e.g., cars, bicycles)",,"The other person’s demographics (gender, income, race),The other person’s emotional state,The time it takes the other person to respond to your offers,The other person’s facial expressions or body language,The specific words or phrases used by the other person,The other person’s user ratings or profile,The amount of the offer",Cookies and Cream
6/18/22 12:29,6/18/22 12:31,108,39,Male,College Degree,"$50,000 - $75,000",Yes,More than two,Monthly,Yearly,In-person,,Street markets or bazaars,,"Facebook / Messenger,Craigslist",,5-10 minutes,5-10 minutes,$10-$50,$10-$50,"Durable goods (e.g., electronics, furniture)",,"The other person’s facial expressions or body language,The amount of the offer",Cookies and Cream
6/18/22 12:29,6/18/22 12:31,95,25,Female,High school degree / GED,"$50,000 - $75,000",No,One,Less than yearly,Weekly,"In-person,Written messages (e.g., texting, emailing, online chat)",,At home,,"Text message (SMS),Facebook / Messenger",,5-10 minutes,5-10 minutes,$10-$50,$10-$50,"Durable goods (e.g., electronics, furniture)",,"The time it takes the other person to respond to your offers,The other person’s user ratings or profile",Cookies and Cream
6/18/22 12:30,6/18/22 12:31,70,26,Female,Graduate/professional degree,"$50,000 - $75,000",No,One,Less than yearly,Less than yearly,,,,,Facebook / Messenger,,1-5 minutes,1-5 minutes,$10-$50,$10-$50,"Durable goods (e.g., electronics, furniture)",,The amount of the offer,Cookies and Cream
6/18/22 12:27,6/18/22 12:31,248,19,Female,Some College,"$75,000 - $100,000",No,None,Yearly,Yearly,"In-person,Written messages (e.g., texting, emailing, online chat)",,"At home,At others’ homes",,Text message (SMS),,5-10 minutes,1-5 minutes,$10-$50,$10-$50,"Non-durable goods (e.g., food & other groceries),Clothing",,"The time it takes the other person to respond to your offers,The amount of the offer",Cookies and Cream
6/18/22 12:31,6/18/22 12:31,57,20,Female,Some College,"$200,000+",No,None,Never,Never,,,,,,,,,,,Other- type in options,,,Cookies and Cream
6/18/22 12:28,6/18/22 12:32,185,32,Male,College Degree,"$100,000 - $200,000",Yes,Two,Monthly,Weekly,"In-person,Talking Over the Phone,Written messages (e.g., texting, emailing, online chat)",,"Stores,Street markets or bazaars",,"Text message (SMS),Email,Craigslist",,1 hour-1 day,Longer than 1 day,$50-$100,$100-$500,"Durable goods (e.g., electronics, furniture),Collectible items (e.g., cards, books, art),Experiences (e.g., vacation packages, tours)",,"The time it takes the other person to respond to your offers,The other person’s facial expressions or body language,The other person’s user ratings or profile,The amount of the offer",Cookies and Cream
6/18/22 12:29,6/18/22 12:32,162,27,Male,Some College,"$0 - $25,000",No,None,Never,Less than yearly,"Written messages (e.g., texting, emailing, online chat)",,At home,,"Ebay,Instagram",,1 hour-1 day,Longer than 1 day,$100-$500,$100-$500,"Collectible items (e.g., cards, books, art),Payment for work",,"The specific words or phrases used by the other person,The amount of the offer",Cookies and Cream
6/18/22 12:30,6/18/22 12:32,115,35,Male,High school degree / GED,"$0 - $25,000",No,None,Daily,Never,"Voice Messages,Written messages (e.g., texting, emailing, online chat)",,,,"Text message (SMS),Email,Facebook / Messenger,Ebay",,10-30 minutes,1 hour- 1 day,$10-$50,,"Durable goods (e.g., electronics, furniture),Clothing,Collectible items (e.g., cards, books, art),Experiences (e.g., vacation packages, tours)",,"The specific words or phrases used by the other person,The other person’s user ratings or profile,The amount of the offer",Cookies and Cream
6/18/22 12:29,6/18/22 12:32,207,34,Female,Graduate/professional degree,"$50,000 - $75,000",No,One,Yearly,Less than yearly,"In-person,Written messages (e.g., texting, emailing, online chat)",,At others’ homes,,"Text message (SMS),Email,Ebay,Craigslist",,1 hour-1 day,1 hour- 1 day,$50-$100,$10-$50,"Durable goods (e.g., electronics, furniture)",,"The time it takes the other person to respond to your offers,The specific words or phrases used by the other person,The other person’s user ratings or profile,The amount of the offer",Cookies and Cream
6/18/22 12:30,6/18/22 12:32,130,40,Female,Some graduate/professional school,"$100,000 - $200,000",Yes,One,Less than yearly,Less than yearly,"In-person,Talking Over the Phone,Written messages (e.g., texting, emailing, online chat)",,Stores,,Email,,1 hour-1 day,1 hour- 1 day,$10-$50,$10-$50,"Collectible items (e.g., cards, books, art)",,"The other person’s emotional state,The time it takes the other person to respond to your offers,The other person’s facial expressions or body language,The specific words or phrases used by the other person,The other person’s user ratings or profile,The amount of the offer",Cookies and Cream
6/18/22 12:30,6/18/22 12:33,124,24,Female,Some graduate/professional school,"$200,000+",No,One,Monthly,Monthly,"In-person,Talking Over the Phone,Written messages (e.g., texting, emailing, online chat)",,"At home,At work,At others’ homes,Stores,Street markets or bazaars",,"Text message (SMS),Email,Whatsapp",,30 minutes-1 hour,1 hour- 1 day,$50-$100,$10-$50,Clothing,,"The time it takes the other person to respond to your offers,The other person’s facial expressions or body language,The specific words or phrases used by the other person,The amount of the offer",Cookies and Cream
6/18/22 12:29,6/18/22 12:33,245,58,Female,College Degree,"$0 - $25,000",No,One,Yearly,Yearly,In-person,,Other (please explain),Hotels,,,1 minute or less,1-5 minutes,$50-$100,,Other- type in options,Hotel room,The amount of the offer,Cookies and Cream
6/18/22 12:26,6/18/22 12:33,384,29,Female,College Degree,"$25,000 - $50,000",No,None,Monthly,Never,"Written messages (e.g., texting, emailing, online chat)",,"At home,Street markets or bazaars",,"Email,Ebay",,1 hour-1 day,Longer than 1 day,$10-$50,,"Non-durable goods (e.g., food & other groceries),Durable goods (e.g., electronics, furniture),Clothing,Collectible items (e.g., cards, books, art)",,"The time it takes the other person to respond to your offers,The other person’s user ratings or profile,The amount of the offer",Cookies and Cream
6/18/22 12:30,6/18/22 12:33,211,36,Male,College Degree,"$25,000 - $50,000",Yes,Two,Less than yearly,Less than yearly,"Written messages (e.g., texting, emailing, online chat)",,Stores,,Text message (SMS),,10-30 minutes,10-30 minutes,$50-$100,$100-$500,"Collectible items (e.g., cards, books, art)",,The amount of the offer,Cookies and Cream
6/18/22 12:32,6/18/22 12:34,136,49,Male,College Degree,"$75,000 - $100,000",No,One,Less than yearly,Less than yearly,In-person,,Street markets or bazaars,,"Email,Craigslist",,1-5 minutes,1-5 minutes,$10-$50,$50-$100,"Durable goods (e.g., electronics, furniture)",,"The other person’s emotional state,The other person’s facial expressions or body language,The specific words or phrases used by the other person,The amount of the offer",Cookies and Cream
6/18/22 12:32,6/18/22 12:35,137,34,Male,College Degree,"$75,000 - $100,000",Yes,None,Less than yearly,Less than yearly,"Written messages (e.g., texting, emailing, online chat)",,,,"Text message (SMS),Facebook / Messenger,Craigslist",,1-5 minutes,1-5 minutes,$100-$500,$100-$500,"Durable goods (e.g., electronics, furniture),Transportation (e.g., cars, bicycles)",,"The other person’s user ratings or profile,The amount of the offer",Cookies and Cream
6/18/22 12:32,6/18/22 12:35,185,49,Male,College Degree,"$25,000 - $50,000",Yes,More than two,Monthly,Yearly,"Written messages (e.g., texting, emailing, online chat)",,"At home,At work",,"Text message (SMS),Ebay",,Longer than 1 day,Longer than 1 day,$50-$100,$50-$100,"Durable goods (e.g., electronics, furniture),Clothing,Collectible items (e.g., cards, books, art)",,"The time it takes the other person to respond to your offers,The other person’s user ratings or profile,The amount of the offer",Cookies and Cream
6/18/22 12:31,6/18/22 12:35,250,51,Male,Graduate/professional degree,"$75,000 - $100,000",Yes,One,Yearly,Yearly,"In-person,Written messages (e.g., texting, emailing, online chat)",,"At home,At others’ homes",,"Text message (SMS),Email,Craigslist",,1-5 minutes,1-5 minutes,$100-$500,$100-$500,"Durable goods (e.g., electronics, furniture),Payment for work",,"The other person’s user ratings or profile,The amount of the offer",Cookies and Cream
6/18/22 12:33,6/18/22 12:35,122,20,Female,Some College,"$100,000 - $200,000",Yes,More than two,Never,Never,"In-person,Talking Over the Phone,Written messages (e.g., texting, emailing, online chat)",,"At home,At others’ homes,Stores",,"Text message (SMS),Email,Instagram",,1-5 minutes,1-5 minutes,$10-$50,$10-$50,"Non-durable goods (e.g., food & other groceries),Durable goods (e.g., electronics, furniture),Clothing",,"The other person’s user ratings or profile,The amount of the offer",Cookies and Cream
6/18/22 12:33,6/18/22 12:35,147,31,Male,College Degree,"$25,000 - $50,000",No,One,Never,Never,,,,,,,,,,,,,,Cookies and Cream
6/18/22 12:16,6/18/22 12:35,1150,22,Female,College Degree,"$0 - $25,000",No,None,Less than yearly,Yearly,"In-person,Written messages (e.g., texting, emailing, online chat)",,Street markets or bazaars,,"Text message (SMS),Facebook / Messenger,Instagram",,5-10 minutes,5-10 minutes,$10-$50,$10-$50,"Clothing,Other- type in options",Furniture,The amount of the offer,Cookies and Cream
6/18/22 12:28,6/18/22 12:36,439,43,Female,Graduate/professional degree,"$50,000 - $75,000",Yes,One,Monthly,Monthly,"Written messages (e.g., texting, emailing, online chat)",,At home,,Facebook / Messenger,,1 hour-1 day,Longer than 1 day,$10-$50,$10-$50,"Durable goods (e.g., electronics, furniture),Clothing",,The amount of the offer,Cookies and Cream
6/18/22 12:33,6/18/22 12:36,192,49,Female,College Degree,"$75,000 - $100,000",Yes,One,Yearly,Never,,,,,,,,,,,,,,Cookies and Cream
6/18/22 12:34,6/18/22 12:36,116,27,Male,Some College,"$0 - $25,000",No,One,Monthly,Yearly,"In-person,Talking Over the Phone,Written messages (e.g., texting, emailing, online chat)",,Street markets or bazaars,,"Text message (SMS),Email,Ebay,Craigslist",,1-5 minutes,5-10 minutes,$50-$100,$100-$500,"Durable goods (e.g., electronics, furniture),Collectible items (e.g., cards, books, art)",,"The other person’s emotional state,The other person’s facial expressions or body language,The amount of the offer",Cookies and Cream
6/18/22 12:32,6/18/22 12:36,262,19,Female,Some College,"$0 - $25,000",No,None,Less than yearly,Never,"Written messages (e.g., texting, emailing, online chat)",,,,"Text message (SMS),Email,Whatsapp,Ebay,Instagram",,5-10 minutes,10-30 minutes,$10-$50,$10-$50,Clothing,,,Cookies and Cream
6/18/22 12:35,6/18/22 12:37,97,21,Female,Some College,"$100,000 - $200,000",Yes,More than two,Monthly,Never,"In-person,Written messages (e.g., texting, emailing, online chat)",,At others’ homes,,"Text message (SMS),Facebook / Messenger,Instagram",,5-10 minutes,10-30 minutes,$10-$50,,"Durable goods (e.g., electronics, furniture),Clothing",,"The other person’s demographics (gender, income, race),The time it takes the other person to respond to your offers,The other person’s facial expressions or body language,The amount of the offer",Cookies and Cream
6/18/22 12:36,6/18/22 12:37,72,18,Male,Some College,"$50,000 - $75,000",No,One,Daily,Weekly,"In-person,Written messages (e.g., texting, emailing, online chat)",,At home,,Text message (SMS),,10-30 minutes,1-5 minutes,$10-$50,$100-$500,"Durable goods (e.g., electronics, furniture),Clothing,Collectible items (e.g., cards, books, art)",,"The other person’s demographics (gender, income, race),The time it takes the other person to respond to your offers,The specific words or phrases used by the other person,The other person’s user ratings or profile",Cookies and Cream
6/18/22 12:34,6/18/22 12:37,178,35,Female,College Degree,"$75,000 - $100,000",Yes,One,Never,Less than yearly,"Written messages (e.g., texting, emailing, online chat)",,At home,,Facebook / Messenger,,10-30 minutes,1 hour- 1 day,,$100-$500,"Durable goods (e.g., electronics, furniture)",,"The time it takes the other person to respond to your offers,The other person’s user ratings or profile,The amount of the offer",Cookies and Cream
6/18/22 12:35,6/18/22 12:38,166,27,Non-Binary,High school degree / GED,"$75,000 - $100,000",No,One,Weekly,Yearly,"In-person,Talking Over the Phone,Written messages (e.g., texting, emailing, online chat)",,"Stores,Other (please explain)",Pawn shops,"Text message (SMS),Email,Facebook / Messenger",,1-5 minutes,5-10 minutes,$100-$500,$50-$100,"Durable goods (e.g., electronics, furniture),Collectible items (e.g., cards, books, art)",,"The other person’s emotional state,The time it takes the other person to respond to your offers,The other person’s facial expressions or body language,The specific words or phrases used by the other person,The amount of the offer",Cookies and Cream
6/18/22 12:36,6/18/22 12:38,101,32,Female,College Degree,"$200,000+",Yes,Two,Yearly,Monthly,"Written messages (e.g., texting, emailing, online chat)",,At home,,Text message (SMS),,1-5 minutes,1-5 minutes,$100-$500,$10-$50,"Durable goods (e.g., electronics, furniture)",,The specific words or phrases used by the other person,Cookies and Cream
6/18/22 12:36,6/18/22 12:38,100,29,Male,College Degree,"$50,000 - $75,000",No,One,Yearly,Yearly,"In-person,Written messages (e.g., texting, emailing, online chat)",,Stores,,Ebay,,10-30 minutes,30 minutes - 1 hour,$50-$100,$50-$100,"Collectible items (e.g., cards, books, art)",,"The time it takes the other person to respond to your offers,The other person’s user ratings or profile,The amount of the offer",Cookies and Cream
6/18/22 12:35,6/18/22 12:38,180,24,Female,Some College,"$50,000 - $75,000",No,More than two,Never,Never,,,,,,,,,,,,,,Cookies and Cream
6/18/22 12:36,6/18/22 12:38,161,34,Male,Graduate/professional degree,"$200,000+",Yes,Two,Less than yearly,Yearly,"In-person,Written messages (e.g., texting, emailing, online chat)",,"At home,Street markets or bazaars",,"Text message (SMS),Email,Craigslist",,1-5 minutes,5-10 minutes,Over $10000,$50-$100,"Durable goods (e.g., electronics, furniture),Real estate,Transportation (e.g., cars, bicycles)",,"The time it takes the other person to respond to your offers,The other person’s facial expressions or body language,The specific words or phrases used by the other person,The amount of the offer",Cookies and Cream
6/18/22 12:36,6/18/22 12:39,149,24,Female,College Degree,"$25,000 - $50,000",No,One,Yearly,Yearly,"In-person,Written messages (e.g., texting, emailing, online chat)",,"At home,At others’ homes,Stores,Street markets or bazaars",,"Text message (SMS),Email,Facebook / Messenger,Craigslist",,1 hour-1 day,1 hour- 1 day,$10-$50,$10-$50,"Durable goods (e.g., electronics, furniture),Clothing,Collectible items (e.g., cards, books, art)",,"The time it takes the other person to respond to your offers,The other person’s user ratings or profile,The amount of the offer",Cookies and Cream
6/18/22 12:36,6/18/22 12:39,142,34,Male,Some College,"$0 - $25,000",Yes,None,Never,Never,,,,,,,,,,,,,,Cookies and Cream
6/18/22 12:37,6/18/22 12:39,143,56,Female,Some College,"$50,000 - $75,000",Yes,One,Monthly,Less than yearly,"Written messages (e.g., texting, emailing, online chat)",,,,"Email,Ebay,Other (please explain)",Poshmark; Mercari,5-10 minutes,5-10 minutes,$10-$50,$50-$100,Clothing,,"The specific words or phrases used by the other person,The other person’s user ratings or profile,The amount of the offer",Cookies and Cream
6/18/22 12:36,6/18/22 12:39,165,61,Female,Some College,"$25,000 - $50,000",Yes,None,Yearly,Yearly,"In-person,Talking Over the Phone,Written messages (e.g., texting, emailing, online chat)",,At home,,"Text message (SMS),Email,Facebook / Messenger",,Longer than 1 day,30 minutes - 1 hour,$100-$500,$100-$500,"Durable goods (e.g., electronics, furniture)",,The amount of the offer,Cookies and Cream
6/18/22 12:36,6/18/22 12:39,173,40,Female,Some College,"$0 - $25,000",No,One,Monthly,Never,"In-person,Talking Over the Phone",,"At home,At work,At others’ homes,Stores",,"Text message (SMS),Facebook / Messenger",,1 minute or less,1-5 minutes,$10-$50,$10-$50,"Durable goods (e.g., electronics, furniture),Clothing,Experiences (e.g., vacation packages, tours)",,"The other person’s user ratings or profile,The amount of the offer",Cookies and Cream
6/18/22 12:36,6/18/22 12:39,179,33,Male,College Degree,"$100,000 - $200,000",Yes,Two,Weekly,Monthly,"In-person,Voice Messages,Written messages (e.g., texting, emailing, online chat)",,"At home,At work,Stores,Street markets or bazaars",,"Email,Ebay",,Longer than 1 day,Longer than 1 day,$50-$100,$10-$50,"Durable goods (e.g., electronics, furniture),Clothing,Collectible items (e.g., cards, books, art),Payment for work,Experiences (e.g., vacation packages, tours)",,"The time it takes the other person to respond to your offers,The other person’s user ratings or profile,The amount of the offer",Cookies and Cream
6/18/22 12:17,6/18/22 12:39,1347,28,Female,College Degree,"$50,000 - $75,000",No,One,Daily,Daily,"In-person,Talking Over the Phone,Voice Messages,Written messages (e.g., texting, emailing, online chat)",,"At home,At others’ homes,Stores,Street markets or bazaars",,"Email,Ebay,Amazon,Other (please explain)","iMessage, Signal",5-10 minutes,10-30 minutes,$10-$50,$10-$50,"Collectible items (e.g., cards, books, art)",,"The other person’s emotional state,The other person’s facial expressions or body language,The other person’s user ratings or profile,The amount of the offer",Cookies and Cream
6/18/22 12:33,6/18/22 12:40,362,48,Female,Some College,"$25,000 - $50,000",Yes,Two,Yearly,Yearly,Other (please explain),When i post items on resell apps ,,,,,1 hour-1 day,1 hour- 1 day,$10-$50,$10-$50,"Non-durable goods (e.g., food & other groceries),Durable goods (e.g., electronics, furniture),Clothing,Collectible items (e.g., cards, books, art)",,The time it takes the other person to respond to your offers,Cookies and Cream
6/18/22 12:37,6/18/22 12:40,172,32,Male,College Degree,"$50,000 - $75,000",No,Two,Less than yearly,Monthly,"Written messages (e.g., texting, emailing, online chat)",,At work,,"Text message (SMS),Email",,30 minutes-1 hour,30 minutes - 1 hour,$50-$100,$50-$100,Other- type in options,Pets,The amount of the offer,Cookies and Cream
6/18/22 12:37,6/18/22 12:40,149,28,Male,College Degree,"$50,000 - $75,000",Yes,Two,Monthly,Yearly,"In-person,Written messages (e.g., texting, emailing, online chat)",,"Stores,Other (please explain)",comic cons,Facebook / Messenger,,5-10 minutes,1-5 minutes,$50-$100,$10-$50,"Collectible items (e.g., cards, books, art)",,"The other person’s user ratings or profile,The amount of the offer",Cookies and Cream
6/18/22 12:36,6/18/22 12:40,266,54,Female,College Degree,"$100,000 - $200,000",Yes,Two,Less than yearly,Less than yearly,"In-person,Talking Over the Phone",,"At home,Stores",,,,1-5 minutes,1-5 minutes,Over $10000,$10-$50,"Transportation (e.g., cars, bicycles)",,"The other person’s emotional state,The time it takes the other person to respond to your offers,The other person’s facial expressions or body language,The other person’s user ratings or profile,The amount of the offer",Cookies and Cream
6/18/22 12:37,6/18/22 12:42,259,26,Female,College Degree,"$25,000 - $50,000",Yes,One,Monthly,Monthly,"Written messages (e.g., texting, emailing, online chat)",,"At home,Other (please explain)",Online,"Text message (SMS),Facebook / Messenger,Ebay",,5-10 minutes,10-30 minutes,Less than $10,$10-$50,"Durable goods (e.g., electronics, furniture)",,"The time it takes the other person to respond to your offers,The other person’s user ratings or profile,The amount of the offer",Cookies and Cream
6/18/22 12:35,6/18/22 12:43,474,69,Male,Graduate/professional degree,"$50,000 - $75,000",No,One,Less than yearly,Less than yearly,"In-person,Talking Over the Phone,Voice Messages,Written messages (e.g., texting, emailing, online chat)",,,,"Text message (SMS),Email",,5-10 minutes,5-10 minutes,Over $10000,$5000-$10000,"Transportation (e.g., cars, bicycles)",,"The other person’s facial expressions or body language,The specific words or phrases used by the other person,The amount of the offer",Cookies and Cream
6/18/22 12:18,6/18/22 13:29,4267,35,Female,Some College,"$25,000 - $50,000",No,One,Weekly,Monthly,"Written messages (e.g., texting, emailing, online chat)",,At others’ homes,,"Text message (SMS),Facebook / Messenger",,1-5 minutes,1-5 minutes,Less than $10,$10-$50,"Durable goods (e.g., electronics, furniture),Clothing,Payment for work",,"The time it takes the other person to respond to your offers,The other person’s facial expressions or body language,The specific words or phrases used by the other person,The other person’s user ratings or profile,The amount of the offer",Cookies and Cream